{"cameraMode":{"drawMode":0,"name":"Shaded","section":"Shading Mode"},"sceneLighting":false,"audioPlay":false,"sceneViewState":{"showFog":true,"showMaterialUpdate":false,"showSkybox":true,"showFlares":true,"showImageEffects":true,"showParticleSystems":true},"in2DMode":false,"pivot":{"x":-1.2450000047683716,"y":1.072100043296814,"z":-0.8679999709129334},"rotation":{"x":-0.11763415485620499,"y":-0.006855633109807968,"z":0.0008121120627038181,"w":-0.9930330514907837},"size":0.43134430050849917,"orthographic":false}