{"cameraMode":{"drawMode":0,"name":"Shaded","section":"Shading Mode"},"sceneLighting":true,"audioPlay":false,"sceneViewState":{"showFog":true,"showMaterialUpdate":false,"showSkybox":true,"showFlares":true,"showImageEffects":true,"showParticleSystems":true},"in2DMode":false,"pivot":{"x":-4.940516471862793,"y":-2.8750953674316408,"z":-7.423923492431641},"rotation":{"x":-0.16956961154937745,"y":0.013891763985157013,"z":-0.002390472684055567,"w":-0.9854174256324768},"size":29.05870819091797,"orthographic":false}