{"cameraMode":{"drawMode":0,"name":"Shaded","section":"Shading Mode"},"sceneLighting":false,"audioPlay":false,"sceneViewState":{"showFog":true,"showMaterialUpdate":true,"showSkybox":true,"showFlares":true,"showImageEffects":true,"showParticleSystems":true},"in2DMode":false,"pivot":{"x":0.47631412744522097,"y":0.7648720145225525,"z":4.090000152587891},"rotation":{"x":-0.057096824049949649,"y":0.8396693468093872,"z":-0.09002748876810074,"w":-0.5325320363044739},"size":4.1696672439575199,"orthographic":false}