{"cameraMode":{"drawMode":0,"name":"Shaded","section":"Shading Mode"},"sceneLighting":false,"audioPlay":false,"sceneViewState":{"showFog":true,"showMaterialUpdate":true,"showSkybox":true,"showFlares":true,"showImageEffects":true,"showParticleSystems":true},"in2DMode":false,"pivot":{"x":-1.7159861326217652,"y":0.8321428298950195,"z":-0.77649986743927},"rotation":{"x":0.15611054003238679,"y":0.17560625076293946,"z":-0.028215577825903894,"w":0.971594512462616},"size":1.3313443660736085,"orthographic":false}