{"cameraMode":{"drawMode":0,"name":"Shaded","section":"Shading Mode"},"sceneLighting":true,"audioPlay":false,"sceneViewState":{"showFog":false,"showMaterialUpdate":false,"showSkybox":false,"showFlares":false,"showImageEffects":false,"showParticleSystems":false},"in2DMode":false,"pivot":{"x":0.3743951916694641,"y":1.1207337379455567,"z":-0.28507766127586367},"rotation":{"x":0.19691671431064607,"y":0.031182125210762025,"z":-0.006265878677368164,"w":0.9799042344093323},"size":11.021819114685059,"orthographic":false}