{"cameraMode":{"drawMode":0,"name":"Shaded","section":"Shading Mode"},"sceneLighting":false,"audioPlay":false,"sceneViewState":{"showFog":true,"showMaterialUpdate":true,"showSkybox":true,"showFlares":true,"showImageEffects":true,"showParticleSystems":true},"in2DMode":false,"pivot":{"x":1.3596553802490235,"y":1.558658242225647,"z":-0.539910614490509},"rotation":{"x":0.15611054003238679,"y":0.17560625076293946,"z":-0.028215577825903894,"w":0.971594512462616},"size":0.5573652982711792,"orthographic":false}